Apriso Developer,"Kouegoue Technology Global Berlin, Deutschland Vor Ort",Vor 3 Wochen,Mehr als 200 Bewerbungen,""
IT Projektassistent w/m/d,"Computacenter Berlin, Deutschland Hybrid",Vor 1 Woche,19 Bewerbungen,"Deine Aufgaben
Als zentrale Unterst√ºtzung im Projektmanagement laufen die F√§den bei Dir zusammen. Du bist die rechte Hand unserer Projektmanager:innen und √ºbernimmst dabei zudem auch die kaufm√§nnische Verantwortung Deiner Projekte. Nicht nur unsere Kunden, auch Dein Projektteam kann sich immer auf Dich verlassen. Konkret erwarten Dich folgende Aufgaben:

Du unterst√ºtzt die Projektleitung bei der Planung und Steuerung von IT-Projekten unserer Kunden.
Du verantwortest das Projektcontrolling sowie die Erstellung und Aktualisierung von Projektdokumenten, Statusreports und Pr√§sentationen.
Du √ºbernimmst die Planung und Steuerung von Ressourcen.
Neben dem Projekt Office Management, k√ºmmerst du Dich um die Koordination, Vor- und Nachbereitung von Besprechungen und Workshops inkl. der Erstellung von Protokollen.
Als Teil des Teams bist Du regelm√§√üig direkt beim Kunden vor Ort und somit bundesweit reisebereit.

Dein Profil
Fundierte kaufm√§nnische Kenntnisse und Berufserfahrung im IT Projektmanagement.
Erfahrung in der Projektabwicklung und im Projektcontrolling.
Fortgeschrittene Anwenderkenntnisse der MS Office-Produktpalette.
Grundlegendes Wissen √ºber IT-Service Prozesse (ITIL) sowie von Projekt Management Methoden.
Sehr gute Deutsch- und Englischkenntnisse in Wort und Schrift.

Wir bieten
Mobile Working und flexible Arbeitszeiten - Vertrauen ist gut. Punkt.
Weiterentwicklung - Wir investieren in Dich! Ob interne oder externe Trainings, Fach- oder Managementkarriere, Konferenzen, Events, Mentoring oder Coaching.
Kultur - Das ‚ÄûDu"" gilt bei uns √ºber alle Ebenen. Wir sind nahbar - und einfach wir selbst.
Urlaub - Auszeit gef√§llig? Mindestens 30 Tage Urlaub plus Brauchtumstage, bezahlten Sonderurlaub und Sabbaticals.

√úber uns
Computacenter ist ein internationales IT-Unternehmen mit einer 40-j√§hrigen Erfolgsgeschichte. Allein in Deutschland bringen rund 7.000 Menschen die digitale Transformation voran: Sie entwickeln IT-Strategien, implementieren neue Technologien oder managen komplexe Infrastrukturen ‚Äì f√ºr die Mehrheit der DAX-Unternehmen ebenso wie f√ºr gro√üe √∂ffentliche Auftraggeber.

Als unabh√§ngiger Partner aller f√ºhrenden IT-Hersteller (wie z. B. Microsoft, Apple, IBM, HP, Cisco, Intel) sind wir in allen relevanten Technologiebereichen unterwegs: von Cyber Security, Cloud und K√ºnstlicher Intelligenz √ºber agile Software-Entwicklung bis hin zu Arbeitsplatzl√∂sungen f√ºr die Smart Factory.

Und das Beste an uns? Ganz einfach: Die Menschen, die bei uns arbeiten, in ihrer Vielfalt, mit ihrem Potenzial und ihren individuellen Lebensentw√ºrfen.

Klingt gut? Ist auch gut! Jetzt bewerben.

Deine Online-Bewerbung
Wir freuen uns auf Deine Online-Bewerbung, unabh√§ngig von Geschlecht, Alter, sexueller Orientierung, Nationalit√§t, ethnischer und sozialer Herkunft sowie Religion. Bewerbungen von schwerbehinderten Menschen sind bei Computacenter willkommen und werden bei gleicher Eignung bevorzugt ber√ºcksichtigt.

Startklar zum Bewerben?
Das funktioniert am besten √ºber unser Jobportal. Einfach auf den ‚ÄûJetzt bewerben‚Äú-Button klicken und los geht‚Äôs!

Fragen zum Job?
Dann wende Dich per E-Mail an DOMINIK.AHAMMER@COMPUTACENTER.COM."
Lead Backend & DevOps Engineer (AWS),"TEAMSPORTS.AI GmbH Berlin, Deutschland Hybrid",Vor 5 Monaten,Mehr als 200 Bewerbungen,"ABOUT US
Teamsports.ai develops and operates a cloud-based data management solution for global brands. Using advanced data analytics and smart multi-channel content delivery options, we help our clients make better and more profitable connections with their consumer audiences.

The company is based in central Berlin (Germany) and has been founded by industry experts with extensive retail and technology experience in the US and Europe. We are profitable and ready to take the next steps towards growth and expansion.

We are seeking ambitious, self-motivated engineers with extensive experience to architect and develop a new microservices-based platform for large-scale customer applications. Applicants should enjoy working in a fast paced and customer-oriented environment in a highly collaborative international team.

RESPONSIBILITIES
Design, prototype and develop robust and secure MicroServices (Java-based or Serverless)
Participate in architecture decisions, complex development tasks and challenging client projects
Design and build useful and intuitive REST APIs that serve our mobile and web applications
Set the foundation for our search and analytics infrastructure
Develop integrations with various 3rd party tools and data platforms

REQUIREMENTS
A GitHub portfolio of work that demonstrates what you love to do
B.S. / M.S. in Computer Science or other relevant fields
A passion for crafting clean, elegant and secure code
Strong quantitative, analytical, and critical thinking skills
Excellent communication and problem-solving skillsets
Passionate about continually up-skilling and learning new technologies
Good English skills (spoken and written)

WHAT YOU GET OUT OF IT
Collaborate with outstanding people: We only hire the best. Our quality standards are high and our employees enjoy working alongside other high achievers
Flexibility in terms of working hours and home office work
Take on responsibilities quickly within an agile team
Work on Open Source projects that we actively support
Shape our product, see results quickly and contribute to the growth of Teamsports.ai and its products
Gain a well-rounded experience: We offer a diverse and dynamic environment where you will get the chance to work directly with executives and gain broad knowledge across multiple areas of the business"
(Senior) Data Engineer (f/d/m),"Bringmeister Berlin, Berlin, Deutschland Hybrid",Vor 1 Woche,Mehr als 200 Bewerbungen,"At Bringmeister, member of Rockaway Capital group, we aim to be the market leader for online groceries in Germany. We work hard every day on creating and delivering perfect online grocery shopping experience and add value to our customer‚Äòs lives by giving them more time to do the things they love to do. Every day the webshop team aims to create an online shop and competitive infrastructure that is oriented towards the needs of our customers.

To strengthen our team in Berlin, we are looking for a (Senior) Data Engineer (f/d/m). Working closely with our management and all our departments, you will be a member of our Business Intelligence team in Berlin. Our team consolidates data from the web store, merchandise management system, delivery logistics and accounting to derive specific recommendations for action for our specialist departments. We combine business and technical expertise with analytical know-how and set the tone for successful corporate management by developing key performance indicator systems that explain complex operational and financial relationships.


Your tasks
Development of reporting and KPI requirements in cooperation with the business units
Design, implementation, adaptation and monitoring of ELT processes
Implementation of data streaming pipelines for realtime data processing
Development of database structures and ensuring high data quality
Development of a state of the art data plattform with Databricks
Work on advanced analytics/ machine learning projects in cross functional teams with real impact

Your profile
At least 3 years of professional experience
Knowledge in database design, especially in data warehouse design
Very good SQL knowledge
Experience in the use of ELT tools like dbt or Delta Live Tables
Experience in streaming technologies like Nifi or Kinesis
Knowledge of Python is an advantage
CI/CD and version Control

What we offer
An opportunity in a very dynamic, innovative and rapidly growing market
Individual work life balance with flexible working hours and hybrid work models, 37 working hours per week as well as 30 vacation days
Room for your creativity - we welcome your fresh ideas, which you can always bring to the table
Working with a modern tech stack and free choice of your working tools
Employee benefits like delivery discount on Bringmeister deliveries, free fruits, drinks at work and Job ticket opportunity for public transport
You will meet a food-loving and innovative community"
Werkstudent (w/m/d) Control Software Development,"Siemens Berlin, Berlin, Deutschland Vor Ort",Vor 3 Tagen,6 Bewerbungen,"Gemeinsam machen wir den Unterschied

Siemens Mobility ist ein eigenst√§ndig gef√ºhrtes Unternehmen der Siemens AG und seit √ºber 160 Jahren ein f√ºhrender Anbieter im Bereich Mobilit√§t. Zu unserem Kerngesch√§ft geh√∂ren Schienenfahrzeuge, Bahnautomatisierungs- und Elektrifizierungsl√∂sungen, schl√ºsselfertige Systeme sowie die dazugeh√∂rigen Serviceleistungen. Wir waren schon immer sehr innovativ, um Reisen schneller, sicherer und komfortabler zu machen. Heute brauchen wir neue L√∂sungen f√ºr neue Herausforderungen wie den Klimawandel und weltweit steigende Bev√∂lkerungszahlen. Das ist es, was uns antreibt. Deshalb gestalten wir Mobilit√§t mit Leidenschaft und sind immer einen Schritt voraus. Durch Digitalisierung machen wir Infrastrukturen intelligent und schaffen M√∂glichkeiten, die uns nachhaltig und nahtlos von A nach B bringen. Unsere 38.200 Mitarbeiter sind Pioniere im Mobilit√§tswesen, die dabei helfen, die Welt in Bewegung zu halten.

Dein neues Aufgabenfeld ‚Äì herausfordernd und zukunftsorientiert

Als unser neuer Werkstudent (w/m/d) unterst√ºtzt Du uns bei der hardwarenahen Entwicklung von Software und Integration von Sensorik.
Bei uns wirst Du in unsere laufenden Projekte eingebunden und begleitest uns hierzu bei Testaufbauten und der Inbetriebnahme.
Du greifst uns zudem bei t√§glich anfallenden Aufgaben unter die Arme.

Deine Qualifikationen ‚Äì fundiert und ad√§quat

Du studierst einen informationstechnischen Studiengang und stehst uns f√ºr ca. 15-20 h/Woche zur Verf√ºgung.
Du bringst sehr gute Kenntnisse im Bereich Informatik mit sowie idealerweise Erfahrungen mit Sensorintegration (Lidar, Kamera) und Kalibrierung.
Vielf√§ltige Technologiekenntnisse, vor allem Erfahrungen mit C++, Python sowie Erfahrung mit den Technologien Linux, ROS, Docker machen dich zum idealen Kandidaten (w/m/d).
Zudem arbeitest Du dich gerne in neue Software-Tools ein.
Du sprichst flie√üend Deutsch und hast gute Englischkenntnisse.

So trittst Du mit uns in Kontakt ‚Äì einfach und direkt

www.siemens.de/mobility

wenn Du vor deiner Bewerbung mehr √ºber Siemens erfahren m√∂chtest.

+49 (9131) 17 52430

wenn Du erste Fragen gern pers√∂nlich mit unserem Recruiting Team kl√§ren m√∂chtest. Ansprechpartner f√ºr diese Stellenausschreibung ist Frau Julia Greff.

www.siemens.de/karriere

wenn Du mehr Informationen zu Jobs & Karriere bei Siemens erhalten m√∂chtest.

Wir legen Wert auf Chancengleichheit und freuen uns √ºber Bewerbungen von Menschen mit Behinderung.

Organisation: Siemens Mobility

Unternehmen: Siemens Mobility GmbH

Erfahrungsniveau: Student / Sch√ºler

Voll-/Teilzeit: Teilzeit"
(Senior) C# Software Engineer (m/w/d),Evolution Germany Metropolregion Berlin/Brandenburg Hybrid,Vor 1 Woche,Mehr als 200 Bewerbungen,"Unser Kunde im Gesundheitsbereich, die eine sinnstiftende T√§tigkeit anbietet, bei der du helfen kannst, Daten zur Analyse der Gesundheit von Menschen bereitzustellen. Sie arbeiten an einer hochwertigen modularen Software f√ºr internationale Kunden sind auf der Suche nach einem erfahrenen C# Software Engineer (m/w/d).

Erkennst du dich wieder?
Teilnahme am gesamten Prozess der Entwicklung in einem SCRUM Setup
Architektur - und Technologiescheidungen
Agile Entwicklung von neuen Modulen
Mentoring von Juniorentwicklern

Dann ist das Ihr Job!
Abgeschlossenes Informatikstudium oder vergleichbare Ausbildung und gute Deutschkenntnisse
Mehrj√§hrige Berufserfahrung im Bereich Softwareentwicklung mit C#/.NET
Erfahrung in der Entwicklung mit SQL-Datenbanken
Erfahrung im Erstellen automatischer Unit Tests und beim Einsatz von Mocking Frameworks
Techstack: C# und TypeScript oder JavaScript mit React

Deshalb m√ºssen Sie dabei sein!
innovatives Arbeitsumfeld mit flacher Hierarchie und kurzen Entscheidungswegen
Eine wertsch√§tzende Arbeitsatmosph√§re, Super Teamspirit, mit mehreren Sportmannschaften wie Beachvolleyball oder Basketballteams
Ein flexibles Arbeitsumfeld (Office und Remote)
Professionelle Einarbeitung und regelm√§√üige Schulungen
moderner Arbeitsplatz

Klingt interessant?"
Werkstudent*in (w/m/d) zur Erweiterung eines Produktkonfigurators,"Siemens Berlin, Berlin, Deutschland Vor Ort",Vor 5 Tagen,5 Bewerbungen,"Art der Anstellung: Befristet; 15-20 Stunden / Woche

Deine Extraportion Praxis.

Wie werden wir uns √ºbermorgen fortbewegen, miteinander kommunizieren, Energien nutzen? Lass uns gemeinsam an den Antworten arbeiten. Wir suchen daf√ºr kluge K√∂pfe, die Theorie in Praxis umwandeln und clever mitdenken. Kurz: Menschen, die ihre und unsere Fragen in neue Ausrufezeichen verwandeln wollen! Als Werkstudent*in stehen dir bei uns viele T√ºren offen, um dich einzubringen: Ergreife die Chance und werde Teil unseres weltweiten Netzwerks, kn√ºpfe wichtige Kontakte und lege so den Grundstein f√ºr deine berufliche und pers√∂nliche Zukunft. Unsere Teams freuen sich auf dich.

Ver√§ndere mit uns die Welt von morgen.

Du unterst√ºtzt uns bei der Erweiterung des Webinterfaces und der Funktionalit√§t eines Produkt Konfigurators in HTML, CSS, JavaScript/ jQuery, PHP
Du programmierst mit uns eine Arduino Fernsteuerung, die √ºber eine selbst programmierte Android App gesteuert werden soll. Vordergr√ºndig in Java, C, C++
Zudem arbeitest Du mit uns an der Programmierung eines Netzautomatisierungsger√§tes in Python, PHP, React, C++, Javascript / jQuery, HTML/CSS, Docker und SQL
Du f√ºhrst kleinere Projekte mit Mikroprozessorprogrammierung durch
Ferner arbeitest Du bei der Erstellung von Excel-Tools zur Auswertung von auftragsspezifischen Daten mit
Dar√ºber hinaus unterst√ºtzt du unser Team bei der Aktualisierung der Produktdokumentation sowie der Werbeschriften
Die √úberarbeitung von Pr√§sentationsfolien (PowerPoint) runden dein Aufgabengebiet ab

Wir suchen keine Superhelden. Sondern super helle K√∂pfe.

Du studierst derzeit erfolgreich Informatik, Wirtschaftsinformatik, Elektrotechnik oder einen vergleichbaren Studiengang mit dem Fokus auf Softwareentwicklung und optional auch Mikroprozessorprogrammierung
Du bist sicher im Umgang mit MS Office, insbesondere in Excel und PowerPoint
Erforderliche Kenntnisse in HTML, CSS, Javascript / jQuery, PHP, Java, C++, SQL, Python sowie einen sicheren Umgang mit Docker, React, Android Studio und der Arduino IDE bringst du ebenfalls mit
Du bist motiviert, deine Grundlagenkenntnisse in der Microprozessorprogrammierung selbstst√§ndig in kleinen Projekten anzuwenden
Du √ºberzeugst uns durch Eigeninitiative, eine selbstst√§ndige Arbeitsweise sowie eine ausgepr√§gte Team- und Kommunikationsf√§higkeit
Auf deine sehr guten Deutsch- und Englischkenntnisse in Wort und Schrift k√∂nnen wir uns verlassen

Wir wollen, dass du willst: Bewirb dich!

www.siemens.de

wenn du vor deiner Bewerbung mehr √ºber Siemens erfahren m√∂chtest.

Du hast Fragen zur Bewerbung? Hier findest du Antworten auf h√§ufig gestellte Fragen.

Wenn du dar√ºber hinaus noch Fragen hast, wende dich gerne an uns: www.siemens.de/fragenzurbewerbung

www.siemens.de/karriere

wenn du mehr Informationen zu Jobs & Karriere bei Siemens erhalten m√∂chtest.

Wir legen Wert auf Chancengleichheit und freuen uns √ºber Bewerbungen von Menschen mit Behinderung.

Organization: Smart Infrastructure

Company: Siemens AG

Experience Level: Student (Not Yet Graduated)

Full / Part time: Part-time"
Werkstudent (w/m/d) Linux IT-Administration,"Siemens Berlin, Berlin, Deutschland Vor Ort",Vor 3 Tagen,6 Bewerbungen,"Gemeinsam machen wir den Unterschied

Siemens Mobility ist ein eigenst√§ndig gef√ºhrtes Unternehmen der Siemens AG und seit √ºber 160 Jahren ein f√ºhrender Anbieter im Bereich Mobilit√§t. Zu unserem Kerngesch√§ft geh√∂ren Schienenfahrzeuge, Bahnautomatisierungs- und Elektrifizierungsl√∂sungen, schl√ºsselfertige Systeme sowie die dazugeh√∂rigen Serviceleistungen. Wir waren schon immer sehr innovativ, um Reisen schneller, sicherer und komfortabler zu machen. Heute brauchen wir neue L√∂sungen f√ºr neue Herausforderungen wie den Klimawandel und weltweit steigende Bev√∂lkerungszahlen. Das ist es, was uns antreibt. Deshalb gestalten wir Mobilit√§t mit Leidenschaft und sind immer einen Schritt voraus. Durch Digitalisierung machen wir Infrastrukturen intelligent und schaffen M√∂glichkeiten, die uns nachhaltig und nahtlos von A nach B bringen. Unsere 38.200 Mitarbeiter sind Pioniere im Mobilit√§tswesen, die dabei helfen, die Welt in Bewegung zu halten.

Dein neues Aufgabenfeld ‚Äì herausfordernd und zukunftsorientiert

Gemeinsam mit deinen Kollegen f√ºhrst Du den IT-Support f√ºr den Standort durch. Du betreust Mitarbeiter bei IT-technischen Fragestellungen und installierst Linux- und Windows-Clients.
Zudem bist Du f√ºr Programmier- sowie Konfigurationsaufgaben im Linux- und Windows Server Umfeld zust√§ndig.
Abh√§ngig von deiner Eignung und deinen Interessen kannst Du weitere technische (DevOps, Cloud Computing, Monitoring, Software-Development) und organisatorische Aufgaben √ºbernehmen.
Du unterst√ºtzt uns beim Tool-Support (Office 365 Suite - insbesondere SharePoint, Confluence, Jira).

Deine Qualifikationen ‚Äì fundiert und ad√§quat

Du studierst (Wirtschafts-)Informatik, Elektrotechnik oder einen anderen Studiengang, interessierst dich f√ºr IT und stehst uns f√ºr ca. 15-20 h/Woche zur Verf√ºgung.
Du arbeitest regelm√§√üig mit Linux Betriebssystemen und kennst dich mit der Shell aus.
Zudem kennst Du dich mit Windows 10 oder Windows Server aus.
Du beherrschst eine Programmiersprache wie z.B.: Java, C/C++, Python etc.
Au√üerdem kannst Du dich selbstst√§ndig in neue technische Themen einarbeiten und diese bearbeiten.
Du bringst sehr gute Deutsch- und Englischkenntnisse mit.

So trittst Du mit uns in Kontakt ‚Äì einfach und direkt

www.siemens.de/mobility

wenn Du vor deiner Bewerbung mehr √ºber Siemens erfahren m√∂chtest.

+49 (9131) 17 52430

wenn Du erste Fragen gern pers√∂nlich mit unserem Recruiting Team kl√§ren m√∂chtest. Ansprechpartner f√ºr diese Stellenausschreibung ist Frau Julia Greff.

www.siemens.de/karriere

wenn Du mehr Informationen zu Jobs & Karriere bei Siemens erhalten m√∂chtest.

Wir legen Wert auf Chancengleichheit und freuen uns √ºber Bewerbungen von Menschen mit Behinderung.

Organisation: Siemens Mobility

Unternehmen: Siemens Mobility GmbH

Erfahrungsniveau: Student / Sch√ºler

Voll-/Teilzeit: Teilzeit"
IT Working Student,"GetYourGuide Berlin, Berlin, Deutschland Hybrid",Vor 5 Tagen,122 Bewerbungen,"About GetYourGuide

GetYourGuide is the globally leading marketplace for unforgettable travel experiences. Travelers use GetYourGuide to discover the best things to do in a destination. Since its founding in 2009, travelers from over 170 countries have booked more than 80 million tours, activities, and attraction tickets through GetYourGuide. Powered by a global team of over 700 travel experts and technologists, we are headquartered in Berlin and have 17 local offices around the world. Visit our careers website to learn more.

Team mission

We enable our users to work fast and efficiently through the use of the latest technology. We aim to resolve issues fast, while educating to promote self-sufficiency, and always maintaining a customer-focused attitude.

You Will

Take care of our helpdesk, ensuring that all first level tickets are resolved in a timely manner for both our local and remote users (desktop, application and network) and all higher level issues are escalated to the appropriate team member
Support the onboarding and offboarding process
Support our AV technologies, including video conferencing, as well as regularly supporting live events
Keep track of IT related issues and document their solutions for future reference
Manage the IT inventory and make sure our storage is organised
Participate in knowledge sharing (discussions and input towards knowledge base/documentation, training end users). Your ideas on how to improve the IT environment will be most welcome

Who You Are

Ideally Student in a Bachelor or Master programme in Computer Science or any IT related field (ideally being a student for at least one more year)
You are a quick learner and you enjoy analyzing and solving problems
A patient and methodical approach is your strength
You know how to prioritise tasks and meet deadlines
You keep cool and positive under pressure
You are not afraid to explain technical problems and solutions clearly to non-technical users
You are eager to always suggest new ideas and solutions
You speak fluent English - our working language

How We Set You Up For Success

Opportunity to get into the IT field by learning from top notch IT professionals
An open, friendly, energetic work environment where every voice is heard
Work with an international team (we speak English) where you are constantly learning and growing
Weekly (virtual) all-hands meetings and monthly updates
A beautiful new office centrally located near Sch√∂nhauser Allee station

And more‚Ä¶

We look forward to hearing from you

Unlock your full potential and join our mission to create unforgettable experiences for millions around the world. If you have the skills and passion for joining our team, we invite you to apply by submitting your CV/resume in English through the form below.

We are an equal-opportunity employer

Our commitment is that every qualified person will be evaluated according to skills regardless of age, gender identity, ethnicity, sexual orientation, disability status, or religion. Please refrain from including your picture and age with the application.

Be sure to get recruitment tips and check out life on our blog. If you have any further questions, please do not hesitate to contact us via jobs@getyourguide.com."
Student Assistant with focus on Web Development with Python and JavaScript,"Fraunhofer Karriere Berlin, Berlin, Deutschland Vor Ort",Vor 3 Wochen,19 Bewerbungen,"Excellence in applied research and development for manufacturing companies ‚Äì this is what the Fraunhofer Institute for Production Systems und Design Technology IPK in Berlin has stood for over 35 years. What does that mean? We support companies with innovation, from product development to the production process, maintenance of capital goods and recycling of products to the design and management of factory operations.

In the division of Corporate Management, we work on the design and implementation of innovative concepts for value creation processes in companies, management, and the development of methods and software tools to support corporate planning and control.

You think that combining studies, practice and research is not possible? You can! With us you will apply the contents of your studies in research and consulting projects and gain valuable practical experience. Curious? Then apply today!

Was Sie bei uns tun
As part of a small, agile team of developers, you will further develop existing software solutions in the area of process management.
You will support the requirements elicitation and presentation of functionalities within the scope of industry and research projects.
You will develop and implement solutions independently.

Was Sie mitbringen
You are currently studying (Bachelor or Master) Computer Science, Business Informatics or comparable subjects, or you are a student of other disciplines with relevant experiences in software development.
You have good language skills (oral and written) in English (B2 at least) and German (A1 at least).
You have experience with Python, JavaScript and preferably Docker and MySQL.
You have experience with web development.
You are confident in working with Git / GitLab.
You bring diligence and reliability, but also commitment and team spirit.

Was Sie erwarten k√∂nnen
We value flexible working hours, independent work and room for your own ideas.
You need a topic for a thesis? No problem! Together we will find one.

We value and promote the diversity of our employees' skills and therefore welcome all applications - regardless of age, gender, nationality, ethnic and social origin, religion, ideology, disability, sexual orientation and identity.

With its focus on developing key technologies that are vital for the future and enabling the commercial use of this work by business and industry, Fraunhofer plays a vital role in innovation. As a pioneer and catalyst for ground-breaking developments and scientific excellence, Fraunhofer helps shape society now and for the future.

Interested? Please apply exclusively via the recruiting portal (button ""Apply"" at the bottom right). We look forward to getting to know you!

If you have any questions, please contact:

Frau

Ramona M√ºnich

E-Mail: ramona.muenich@ipk.fraunhofer.de

Fraunhofer-Institut f√ºr Produktionsanlagen und Konstruktionstechnik IPK

www.ipk.fraunhofer.de

Kennziffer: 56899 Bewerbungsfrist:"
Working Student ‚Äì DevOps / Integration Developer (m/f/d),"CARIAD Berlin, Berlin, Deutschland",Vor 5 Tagen,25 Bewerbungen,"At CARIAD, it‚Äôs our mission to transform automotive mobility for everyone, everywhere, making it safer, more sustainable, and more comfortable in every way.‚ÄØTo deliver on that promise, we‚Äôre building a unified technology and software platform, including a vehicle OS and cloud platform, as well as a unified architecture. As a 100% subsidiary of the Volkswagen Group, we‚Äôre developing solutions for all of its brands, including Volkswagen, Audi, and Porsche, and will bring our software to over 40 million vehicles by 2030.

Is this an easy task? Not at all! To tackle such a huge challenge, we need a great team. And that‚Äôs where you come in. You‚Äôll join more than 5,000 CARIDIANS already working on the latest vehicle features and functions like automated driving, state-of-the-art charging technology, as well as a new digital ecosystem. Together, we‚Äôre bringing sustainable change to one of the largest companies in the world.

YOUR TEAMThe organizational unit ""IT Governance"" is responsible for defining the CARIAD IT strategy and defining, controlling and optimizing all IT processes. Our attention is satisfying our users and developers with end2end designed services and processes.

As a Working Student ‚Äì Integration & DevOps Engineer/Developer, you will be responsible for the design, development and operation of functionalities and features surrounding the CARIAD-wide Enterprise Architecture Management suite. The EAM suite delivers fundamental insights into CARIAD¬¥s IT landscape and is tightly integrated within other foundational IT systems at CARIAD. You will be the one connecting the dots and ensuring that data and information is flowing between systems. This is a high-learning job with a lot of potential to gain experience in state-of-the-art software development methods that will last a lifetime.

What You Will Do

Develop integration features for the Enterprise Architecture Management repository (REST API, Swagger, GraphQL)
Setup and develop the DevOps pipeline for the Enterprise Architecture Management repository (GitHub, Bamboo or comparable)
Develop and document scripts for automation and integration
Communicate with developers, users and managers to find the best fitting information integration solution
Drive the future of automotive by providing information excellence

Who You Are

Enrolled student in the area of computer science, information technology, software engineering or comparable
First understanding and interest in agile and modern software development methods (automation, CI/CD)
Ideally knowledge/interest in JavaScript, Python and APIs
Strong analytical understanding, ability to work in a team, above-average commitment, structured and independent work style
Fluent in English and German

NICE TO KNOW

Duration: 6 months
20 h/Week, up to 35 h/week during semester break
Remote work options
If you have further questions about the candidate journey at CARIAD, talk to Cari, our CARIAD Chatbot. Can‚Äôt see it? Check your settings or visit our FAQ"
Working Student Software Development,Serrala Metropolregion Berlin/Brandenburg Hybrid,Vor 2 Wochen,Mehr als 200 Bewerbungen,"Working Student Software Development (m/f/d)

Your task:

Technology driven: You ensure (a faster) development of upcoming features and apps.
Your work matters: You guarantee maintenance and security standards of our mobile apps for Android.
Innovation: Do you enjoy working with innovations? Great, because your tasks also include ensuring our high-quality standards.
Work independently: You work proactively and autonomously on our mobile apps for Android.


Your profile:

Background: You are enrolled at a university in Germany and are studying in the field of computer science or a comparable course of study.
Experience: Ideally, you already have some experience in the development of Android apps. If not: No problem, we will show you!
Communication skills: Excellent spoken and written English skills complete your profile.
Last but not least: You have an irrepressible interest in developing your experience in the field of technology and can support us up to 20 hours per week? Perfect!

It‚Äôs time to become a Serralian‚Ä¶
Do you look forward to taking on exciting challenges in an expanding and innovative environment? We continuously improve the way we work, including modern and flexible working conditions, professional development as part of our LearnLab, joint team events such as monthly lunches, after work events, and the Serralian Base Camp. And yes, we also promote sports activities and provide organic fruit and refreshing beverages.

Next steps: Apply quickly and easily with your CV via our recruiting tool.
Pro-Tip: Skip the cover letter and pitch us in 3 sentences why exactly you are the perfect match for our team!
Your HR Contact for this position is: June G. K√∂rner
This role is based in: Berlin

[EEO Statement]
We are proud to be an equal opportunity workplace. We celebrate and support diversity by providing equal employment opportunities regardless of race, creed, color, religion, age, sex, national origin, disability or handicap, genetics, protected veteran status, sexual orientation, gender identity or expression, arrest record, or any other characteristic protected by federal, state or local laws.

[To all recruitment agencies]
Serrala does not accept agency resumes. Please do not forward resumes to our jobs alias, Serrala employees or any other organization location. Serrala is not responsible for any fees related to unsolicited resumes."
Internship - Deep-Learning,"Continental Berlin, Berlin, Deutschland",Vor 5 Tagen,112 Bewerbungen,"Job Description

We are looking for a student (m/f/diverse) who is interested in an internship to support our project team in Berlin for a 3-month voluntary study-related internship or a mandatory internship for up to 6 months. There is also the possibility to combine a compulsory part with the voluntary study-accompanying internship.

As an intern (m/f/diverse), you will be working on investigating the application of self-supervised learning in object detection tasks for autonomous driving.

As part of the central pre-development department, our goal is to develop and enable the use of AI in future Continental products. You will work in a dedicated, innovative team of Continental employees (m/f/diverse) and Ph.D. students (m/f/diverse).

Your tasks will consist of the following:

Collaborate with our project team on the research of State-of-the-Art (SOTA) solutions
Implement self-supervised learning methods on autonomous driving datasets
Development and extension of SOTA methods for object detection tasks
Design and code the solutions, starting with broadly defined problems
Analyze the effect of self-supervised learning methods on the AI pipeline and monitor its performance during training process

Job Requirements

Currently enrolled in a bachelor‚Äôs or master‚Äôs degree in computer science, machine learning or related field
Intensively worked with artificial-intelligence-related algorithms
Advanced programming skills in Python
Safe handling of MS Office-programs
Fluent in English spoken and written
Must be able to work effectively in a team environment
Independent, creative, and proactive working style
Ability to effectively articulate technical challenges and solutions
Good presentation, oral and written communication skills highly desirable

Please attach your current certificate of enrollment and also your current transcripts of records and an extract of certificate for a mandatory internship. Those documents are mandatory for processing your application.

Applications from severely handicapped people are welcome.

What We Offer

In addition to the interesting field of activity of the function, the city of Berlin offers a high recreational value and stands for quality of life

You will work in an innovative work environment, namely the ""co-working space AI Campus""

You will receive an internship remuneration according to corporate standards

Become part of our motivated team - we are looking forward to you

Job Type

Internship

Job Category

Trainee Initiatives

Division Footer Text

Ready to drive with Continental? Take the first step and fill in the online application.

About Continental

Continental develops pioneering technologies and services for sustainable and connected mobility of people and their goods. Founded in 1871, the technology company offers safe, efficient, intelligent and affordable solutions for vehicles, machines, traffic and transportation. In 2021, Continental generated sales of ‚Ç¨33.8 billion and currently employs more than 190,000 people in 58 countries and markets. On October 8, 2021, the company celebrated its 150th anniversary.

Country

Germany

Division

Automotive Central Functions

Contact Name

Johanna Stark

Job Flexibility

Hybrid Job

Job Flexibility disclaimer

Hybrid Job ‚Äì You work both mobile and on the company site"
"Software Engineering Intern, Summer 2023","Wolt Berlin, Berlin, Deutschland Vor Ort",Vor 6 Tagen,Mehr als 200 Bewerbungen,"Job Description

To build a bigger, better Wolt, we‚Äôre looking for Software Engineering Interns to join us for summer 2023 in Berlin and Helsinki! ü§©

About The Program

The program will last for 4-6 months ‚Äî you can decide the duration within this frame. We‚Äôre also flexible with the start month ‚Äî you can join us in March, April, May, or June.

The internship is paid (4200‚Ç¨/month) and you‚Äôll be assigned to one of our 40+ engineering teams where your existing skills will find their best match in terms of mentorship and tech.

We are preferring candidates who are able to continue full-time after the internship period, so this is truly a chance for a career path - today we have numerous members in different product teams who originally started as interns! Every intern will get their own mentor from the chosen team to work closely with and learn from, so there will be plenty of room for sharing knowledge and growing together.

At Wolt we take ownership beyond the obvious, do common things uncommonly well, think big but stay humble, and treat all people equally kind. If this sounds like a place for you, then make sure to keep on reading as we dive deeper into the program below.

Crafting the path

We have three different options available for your choice, Frontend, Backend, or Mobile. You can apply to either track, by choosing one of the versions of the assignment we have designed for you. Needless to say, these three options make a big difference in what your handprint will be to our service. Whichever you choose, rest assured, you will have an impact and develop real product features as a member of your future team!

We will make the path for you inside of your chosen competence by getting a picture of your skills and preferred technologies during the recruitment process. At the beginning of your Wolt journey, you might find yourself developing our consumer-facing applications, courier, merchant or support services, logistics, core & infrastructure of our platform, fintech, or even new businesses such as Wolt market.

Read more about the Engineering internship at Wolt - HyeSoo from Courier Onboarding Team tells her story here.

Our humble expectations

In the frontend development, we are using TypeScript and React in all of the teams - those two are all you need to start your Frontend Internship at Wolt. In the backend, we use Scala, Kotlin, and Python, so if one of these is your language of choice, we will have a team ready for your craft. Lastly, our mobile applications are based on Swift for iOS using UIKit and Kotlin for Android and we'd expect the Android assignments to be done following Google guidelines, more info about this is in the assignment link below.

We want to welcome people from diverse backgrounds, with an open mindset and eagerness to build something great together. We hope you are not scared to ask questions, make mistakes and share your learnings and opinions with other people. üíô

Foremost, we are looking for growth potential - good basics in at least one programming language and an understanding of good development practices will give you a good kick start. That's why we ask you to prove your skills through our assignment right from the get-go.

As we want to provide long-term career paths, we are prioritizing candidates who are able to continue with us full-time after the internship.

Ideally, you‚Äôre already located in Berlin or close by to have the possibility to visit the office at least once a week, to work as close as possible with your mentor and team members that are located in Berlin. We are unfortunately unable to offer relocation or visa support for internships, so you should be eligible for work in Germany for the duration of the program. If you‚Äôre offered to stay with us on a permanent basis after the internship, we‚Äôll take care of your work visa if that‚Äôs needed.

Next Steps

üëÄ The process is easy:

1 -Read through the assignment instructions carefully & write some code. When you‚Äôre ready, put your code (as a zip) into Google Drive, Dropbox, OneDrive (or similar). Remember to check permissions! If we cannot access the file, we cannot review your code. Please don‚Äôt store your solution in a public GitHub repository during the application period.

2 - Click ‚ÄúApply now‚Äù, fill in the form, answer a couple of our questions and attach your link. If you have a CV, want to tell us more about yourself and your interests in a cover letter, or have some interesting projects that you‚Äôd like to share with us, feel free to include those as well.

3 - Send your application!

Please note that the assignment is a mandatory part of the process. Applications without attached solutions won‚Äôt be accepted.

The deadline is the 6th of February (end of day). We‚Äôll review the assignments and invite successful candidates for interviews within one week. If you have any questions you can turn to our Talent Acquisition Partner, Sandra Weigt at sandra.weigt@wolt.com. Please note that we do not accept applications via email or LinkedIn messages.

FAQ

How many intern positions are open this year?

We have several spots for frontend and backend interns available, but only one for mobile.

Do I need to be based in Berlin? Do you offer relocation support?

We have our tech hubs in Helsinki and Berlin and we would need you to be able to work at least partly from the office with your future mentor and other team members. This means commuting to the office every now and then for events and working together. We don‚Äôt offer relocation and visa support for this specific program so you should be already in one of those locations with a valid work permit. Please note: Wolt will only cover commuting expenses for possible team events but not for the weekly commute. If applying to Helsinki, please do it here.

I want to apply; what happens after I send my application?

If you are selected for the first round, you will get an invite for the next step by the latest the following week the application period ends. We will be in touch with each and every candidate who applied regardless of the outcome. The recruitment process includes the preliminary home assignment, an interview, and a meeting with your possible team lead. We are aiming to make the decisions during February.

I'm a student/ fresh graduate. Can I apply?

We want to provide long-term career paths so we are looking for candidates who are able to continue with us after the internship full-time. Therefore, we are especially looking for graduated candidates but if you are at the very end of your studies and feel comfortable finishing those while working with us, you are welcome to do so!

I'm interested in working with Kotlin but I don't have experience in Kotlin specifically, can I apply using modern Java?

Unfortunately, we will only be considering the applications done in Kotlin.

Can I change my focus at some point and try new things at Wolt in the future?

Definitely! We are mainly looking for backend and frontend engineers in this program, as well as one mobile engineer, as we currently have teams and mentors available for those paths, but we are always open to internal mobility.

About Wolt

Wolt is a technology company that makes it incredibly easy to discover and get the best restaurants, grocery stores and other local shops delivered to your home or office. Wolt is not just a delivery app ‚Äì we‚Äôre a technology company building a commerce platform to seamlessly connect our millions of customers with thousands of merchant and courier partners, in real-time across 23 countries and 250+ cities. Our apps (iOS and Android) have the industry‚Äôs highest ratings, largely thanks to our customer-first-mindset, which shows in how we build products and run operations. In June 2022 we officially joined forces with DoorDash. Combined, we have a presence in 27 countries, 23 of which operate with the Wolt brand and app. Wolt and DoorDash continue largely independently, with Wolt‚Äôs name, brand, product, technology and team.

Working in Product Development at Wolt

At Wolt, we‚Äôre about getting things done. You‚Äôll probably enjoy it here if you like taking ownership, developing yourself and being around friendly, humble and ambitious people.

The behind the scenes of Wolt is run by an awesome bunch of over 400+ planners, builders, designers and data crunchers. We call ourselves Product+, as we‚Äôre the very core of Wolt‚Äôs products, tools and platforms. To build our products, we work in over 40 cross-functional, independent and autonomous teams. Teams are made up of a mix of talented individuals: engineers, designers, data scientists, analysts, and product leads. Each team takes ownership for solving customer problems in the best possible way.

Our Commitment to Diversity, Equity & Inclusion

We want to have all sorts of people in our team ‚Äì people like you and me, and people different from you and me. To be able to work with diverse teammates ‚Äì when it comes to gender, age, ethnicity, life background, sexual orientation, political views, religion, or any other personal trait ‚Äì we consciously aim to offer equal opportunity for everyone to work with us. This is because we believe diverse teams make the most thought-through decisions and build things in the most inclusive way.

Join us today to build Wolt together!"
Student Assistant with focus on Full Stack Web Development,"Fraunhofer Karriere Berlin, Berlin, Deutschland Vor Ort",Vor 3 Wochen,14 Bewerbungen,"Excellence in applied research and development for manufacturing companies ‚Äì this is what the Fraunhofer Institute for Production Systems und Design Technology IPK in Berlin has stood for over 35 years. What does that mean? We support companies with innovation, from product development to the production process, maintenance of capital goods and recycling of products to the design and management of factory operations.

In the division of Corporate Management, we work on the design and implementation of innovative concepts for value creation processes in companies, management, and the development of methods and software tools to support corporate planning and control.

You think that combining studies, practice and research is not possible? You can! With us you will apply the contents of your studies in research and consulting projects and gain valuable practical experience. Curious? Then apply today!

Was Sie bei uns tun
As part of a small, agile team of developers, you will further develop existing software solutions in the area of process management.
You will support the requirements elicitation and presentation of functionalities within the scope of industry and research projects.
You will develop and implement solutions independently.

Was Sie mitbringen
You are currently studying (Bachelor or Master) Computer Science, Business Informatics or comparable subjects, or you are a student of other disciplines with relevant experiences in software development.
You have good language skills (oral and written) in English (B2 at least) and German (A1 at least).
You already have some experience with the MERN stack (MongoDB, Express, React, Node).
You are confident in working with Git / GitLab.
You bring diligence and reliability, but also commitment and team spirit.

Was Sie erwarten k√∂nnen
We offer a position initially limited to 6 months, with a monthly working time of 80 hours. However, we are looking for a longer-term cooperation.
We offer remuneration according to the general works agreement for employing assistant staff.
We value flexible working hours, independent work and room for your own ideas.
You need a topic for a thesis? No problem! Together we will find one.

We value and promote the diversity of our employees' skills and therefore welcome all applications - regardless of age, gender, nationality, ethnic and social origin, religion, ideology, disability, sexual orientation and identity.

Die Verg√ºtung richtet sich nach der Gesamtbetriebsvereinbarung zur Besch√§ftigung der Hilfskr√§fte.

With its focus on developing key technologies that are vital for the future and enabling the commercial use of this work by business and industry, Fraunhofer plays a vital role in innovation. As a pioneer and catalyst for ground-breaking developments and scientific excellence, Fraunhofer helps shape society now and for the future.

Interested? Please apply exclusively via the recruiting portal (button ""Apply"" at the bottom right). We look forward to getting to know you!

If you have any questions, please contact:

Frau

Ramona M√ºnich

E-Mail: ramona.muenich@ipk.fraunhofer.de

Fraunhofer-Institut f√ºr Produktionsanlagen und Konstruktionstechnik IPK

www.ipk.fraunhofer.de

Kennziffer: 56343 Bewerbungsfrist:"
Werkstudent (w/m/d) Test Engineering f√ºr ADAS-Systeme,"Siemens Berlin, Berlin, Deutschland Vor Ort",Vor 1 Woche,5 Bewerbungen,"Gemeinsam machen wir den Unterschied

Siemens Mobility ist ein eigenst√§ndig gef√ºhrtes Unternehmen der Siemens AG und seit √ºber 160 Jahren ein f√ºhrender Anbieter im Bereich Mobilit√§t. Zu unserem Kerngesch√§ft geh√∂ren Schienenfahrzeuge, Bahnautomatisierungs- und Elektrifizierungsl√∂sungen, schl√ºsselfertige Systeme sowie die dazugeh√∂rigen Serviceleistungen. Wir waren schon immer sehr innovativ, um Reisen schneller, sicherer und komfortabler zu machen. Heute brauchen wir neue L√∂sungen f√ºr neue Herausforderungen wie den Klimawandel und weltweit steigende Bev√∂lkerungszahlen. Das ist es, was uns antreibt. Deshalb gestalten wir Mobilit√§t mit Leidenschaft und sind immer einen Schritt voraus. Durch Digitalisierung machen wir Infrastrukturen intelligent und schaffen M√∂glichkeiten, die uns nachhaltig und nahtlos von A nach B bringen. Unsere 38.200 Mitarbeiter sind Pioniere im Mobilit√§tswesen, die dabei helfen, die Welt in Bewegung zu halten.

Dein neues Aufgabenfeld ‚Äì herausfordernd und zukunftsorientiert

SPA - Smart Products and Advanced technologies - ist eine F&E-Abteilung der Siemens Mobility GmbH. Diese entwickelt wegweisende und nachhaltige Komplettl√∂sungen f√ºr Fahrzeuge, Bahninfrastrukturen und die Stra√üenverkehrstechnik. Die Abteilung Traffic Perception and Quality Assurance der SPA entwickelt ADAS ‚ÄûAdvanced Driver Assistance System‚Äú L√∂sungen und Produkte f√ºr den Bahnbereich.

Als unser neuer Werkstudent (w/m/d) unterst√ºtzt Du das Team bei der Entwicklung und dem Aufbau von Testsystemen f√ºr ADAS-Systeme.
Du bist f√ºr die Programmierung von Test- und Steuerungsumgebungen f√ºr die Testsysteme zust√§ndig.
Zudem nimmst Du Sensordaten im Feld auf und verarbeitest diese.
Du hilfst uns bei der Entwicklung und Durchf√ºhrung von Tests, wertest die resultierenden Testergebnisse aus und dokumentierst diese.

Deine Qualifikationen ‚Äì fundiert und ad√§quat

Du bist Student (w/m/d) eines ingenieur- oder informationstechnischen Studiengangs und stehst uns f√ºr ca. 15-20 h/Woche zur Verf√ºgung.
Du bringst Kenntnisse in den Bereichen Elektrotechnik, Informatik, insbesondere Signal- und Datenverarbeitung mit.
Erste Erfahrungen in der Bahntechnik oder Automotive sind w√ºnschenswert.
Gute Programmierkenntnisse in Python, C++ sind von Vorteil.
Kenntnisse und Erfahrungen mit Cloud-Systemen sind w√ºnschenswert.
Flie√üende Deutschkenntnisse in Wort und Schrift, Englischkenntnisse sind ein Plus.

So trittst Du mit uns in Kontakt ‚Äì einfach und direkt

www.siemens.de/mobility

wenn Du vor deiner Bewerbung mehr √ºber Siemens erfahren m√∂chtest.

+49 (9131) 17 52430

wenn Du erste Fragen gern pers√∂nlich mit unserem Recruiting Team kl√§ren m√∂chtest. Ansprechpartner f√ºr diese Stellenausschreibung ist Frau Julia Greff.

www.siemens.de/karriere

wenn Du mehr Informationen zu Jobs & Karriere bei Siemens erhalten m√∂chtest.

Wir legen Wert auf Chancengleichheit und freuen uns √ºber Bewerbungen von Menschen mit Behinderung.

Organization: Siemens Mobility

Company: Siemens Mobility GmbH

Experience Level: Student (Not Yet Graduated)

Full / Part time: Part-time"
Werkstudent (w/m/d) Test Engineering f√ºr ADAS-Systeme,"Siemens Berlin, Berlin, Deutschland Vor Ort",Vor 3 Tagen,6 Bewerbungen,"Gemeinsam machen wir den Unterschied

Siemens Mobility ist ein eigenst√§ndig gef√ºhrtes Unternehmen der Siemens AG und seit √ºber 160 Jahren ein f√ºhrender Anbieter im Bereich Mobilit√§t. Zu unserem Kerngesch√§ft geh√∂ren Schienenfahrzeuge, Bahnautomatisierungs- und Elektrifizierungsl√∂sungen, schl√ºsselfertige Systeme sowie die dazugeh√∂rigen Serviceleistungen. Wir waren schon immer sehr innovativ, um Reisen schneller, sicherer und komfortabler zu machen. Heute brauchen wir neue L√∂sungen f√ºr neue Herausforderungen wie den Klimawandel und weltweit steigende Bev√∂lkerungszahlen. Das ist es, was uns antreibt. Deshalb gestalten wir Mobilit√§t mit Leidenschaft und sind immer einen Schritt voraus. Durch Digitalisierung machen wir Infrastrukturen intelligent und schaffen M√∂glichkeiten, die uns nachhaltig und nahtlos von A nach B bringen. Unsere 38.200 Mitarbeiter sind Pioniere im Mobilit√§tswesen, die dabei helfen, die Welt in Bewegung zu halten.

Dein neues Aufgabenfeld ‚Äì herausfordernd und zukunftsorientiert

SPA - Smart Products and Advanced technologies - ist eine F&E-Abteilung der Siemens Mobility GmbH. Diese entwickelt wegweisende und nachhaltige Komplettl√∂sungen f√ºr Fahrzeuge, Bahninfrastrukturen und die Stra√üenverkehrstechnik. Die Abteilung Traffic Perception and Quality Assurance der SPA entwickelt ADAS ‚ÄûAdvanced Driver Assistance System‚Äú L√∂sungen und Produkte f√ºr den Bahnbereich.

Als unser neuer Werkstudent (w/m/d) unterst√ºtzt Du das Team bei der Entwicklung und dem Aufbau von Testsystemen f√ºr ADAS-Systeme.
Du bist f√ºr die Programmierung von Test- und Steuerungsumgebungen f√ºr die Testsysteme zust√§ndig.
Zudem nimmst Du Sensordaten im Feld auf und verarbeitest diese.
Du hilfst uns bei der Entwicklung und Durchf√ºhrung von Tests, wertest die resultierenden Testergebnisse aus und dokumentierst diese.

Deine Qualifikationen ‚Äì fundiert und ad√§quat

Du bist Student (w/m/d) eines ingenieur- oder informationstechnischen Studiengangs und stehst uns f√ºr ca. 15-20 h/Woche zur Verf√ºgung.
Du bringst Kenntnisse in den Bereichen Elektrotechnik, Informatik, insbesondere Signal- und Datenverarbeitung mit.
Erste Erfahrungen in der Bahntechnik oder Automotive sind w√ºnschenswert.
Gute Programmierkenntnisse in Python, C++ sind von Vorteil.
Kenntnisse und Erfahrungen mit Cloud-Systemen sind w√ºnschenswert.
Flie√üende Deutschkenntnisse in Wort und Schrift, Englischkenntnisse sind ein Plus.

So trittst Du mit uns in Kontakt ‚Äì einfach und direkt

www.siemens.de/mobility

wenn Du vor deiner Bewerbung mehr √ºber Siemens erfahren m√∂chtest.

+49 (9131) 17 52430

wenn Du erste Fragen gern pers√∂nlich mit unserem Recruiting Team kl√§ren m√∂chtest. Ansprechpartner f√ºr diese Stellenausschreibung ist Frau Julia Greff.

www.siemens.de/karriere

wenn Du mehr Informationen zu Jobs & Karriere bei Siemens erhalten m√∂chtest.

Wir legen Wert auf Chancengleichheit und freuen uns √ºber Bewerbungen von Menschen mit Behinderung.

Organisation: Siemens Mobility

Unternehmen: Siemens Mobility GmbH

Erfahrungsniveau: Student / Sch√ºler

Voll-/Teilzeit: Teilzeit"
Werkstudent (w/m/d) Control Software Development,"Siemens Berlin, Berlin, Deutschland Vor Ort",Vor 1 Woche,29 Bewerbungen,"Gemeinsam machen wir den Unterschied

Siemens Mobility ist ein eigenst√§ndig gef√ºhrtes Unternehmen der Siemens AG und seit √ºber 160 Jahren ein f√ºhrender Anbieter im Bereich Mobilit√§t. Zu unserem Kerngesch√§ft geh√∂ren Schienenfahrzeuge, Bahnautomatisierungs- und Elektrifizierungsl√∂sungen, schl√ºsselfertige Systeme sowie die dazugeh√∂rigen Serviceleistungen. Wir waren schon immer sehr innovativ, um Reisen schneller, sicherer und komfortabler zu machen. Heute brauchen wir neue L√∂sungen f√ºr neue Herausforderungen wie den Klimawandel und weltweit steigende Bev√∂lkerungszahlen. Das ist es, was uns antreibt. Deshalb gestalten wir Mobilit√§t mit Leidenschaft und sind immer einen Schritt voraus. Durch Digitalisierung machen wir Infrastrukturen intelligent und schaffen M√∂glichkeiten, die uns nachhaltig und nahtlos von A nach B bringen. Unsere 38.200 Mitarbeiter sind Pioniere im Mobilit√§tswesen, die dabei helfen, die Welt in Bewegung zu halten.

Dein neues Aufgabenfeld ‚Äì herausfordernd und zukunftsorientiert

Als unser neuer Werkstudent (w/m/d) unterst√ºtzt Du uns bei der hardwarenahen Entwicklung von Software und Integration von Sensorik.
Bei uns wirst Du in unsere laufenden Projekte eingebunden und begleitest uns hierzu bei Testaufbauten und der Inbetriebnahme.
Du greifst uns zudem bei t√§glich anfallenden Aufgaben unter die Arme.

Deine Qualifikationen ‚Äì fundiert und ad√§quat

Du studierst einen informationstechnischen Studiengang und stehst uns f√ºr ca. 15-20 h/Woche zur Verf√ºgung.
Du bringst sehr gute Kenntnisse im Bereich Informatik mit sowie idealerweise Erfahrungen mit Sensorintegration (Lidar, Kamera) und Kalibrierung.
Vielf√§ltige Technologiekenntnisse, vor allem Erfahrungen mit C++, Python sowie Erfahrung mit den Technologien Linux, ROS, Docker machen dich zum idealen Kandidaten (w/m/d).
Zudem arbeitest Du dich gerne in neue Software-Tools ein.
Du sprichst flie√üend Deutsch und hast gute Englischkenntnisse.

So trittst Du mit uns in Kontakt ‚Äì einfach und direkt

www.siemens.de/mobility

wenn Du vor deiner Bewerbung mehr √ºber Siemens erfahren m√∂chtest.

+49 (9131) 17 52430

wenn Du erste Fragen gern pers√∂nlich mit unserem Recruiting Team kl√§ren m√∂chtest. Ansprechpartner f√ºr diese Stellenausschreibung ist Frau Julia Greff.

www.siemens.de/karriere

wenn Du mehr Informationen zu Jobs & Karriere bei Siemens erhalten m√∂chtest.

Wir legen Wert auf Chancengleichheit und freuen uns √ºber Bewerbungen von Menschen mit Behinderung.

Organization: Siemens Mobility

Company: Siemens Mobility GmbH

Experience Level: Student (Not Yet Graduated)

Full / Part time: Part-time"
Werkstudent (w/m/d) eHighway Datenanalysen,"Siemens Berlin, Berlin, Deutschland Vor Ort",Vor 3 Tagen,6 Bewerbungen,"Gemeinsam machen wir den Unterschied

Siemens Mobility ist ein eigenst√§ndig gef√ºhrtes Unternehmen der Siemens AG und seit √ºber 160 Jahren ein f√ºhrender Anbieter im Bereich Mobilit√§t. Zu unserem Kerngesch√§ft geh√∂ren Schienenfahrzeuge, Bahnautomatisierungs- und Elektrifizierungsl√∂sungen, schl√ºsselfertige Systeme sowie die dazugeh√∂rigen Serviceleistungen. Wir waren schon immer sehr innovativ, um Reisen schneller, sicherer und komfortabler zu machen. Heute brauchen wir neue L√∂sungen f√ºr neue Herausforderungen wie den Klimawandel und weltweit steigende Bev√∂lkerungszahlen. Das ist es, was uns antreibt. Deshalb gestalten wir Mobilit√§t mit Leidenschaft und sind immer einen Schritt voraus. Durch Digitalisierung machen wir Infrastrukturen intelligent und schaffen M√∂glichkeiten, die uns nachhaltig und nahtlos von A nach B bringen. Unsere 39.600 Mitarbeiter sind Pioniere im Mobilit√§tswesen, die dabei helfen, die Welt in Bewegung zu halten.

Dein neues Aufgabenfeld ‚Äì herausfordernd und zukunftsorientiert

Als Werkstudent (w/m/d) hilfst Du uns Daten einzulesen, zu sortieren und zu bearbeiten. Dabei pr√ºfst Du die Daten auch auf Ihre Plausibilit√§t.
Du legst Daten in unserer AWS Cloud (Amazon S3) ab und unterst√ºtzt uns dabei einen AWS-Server aufzusetzen und zu betreuen.
Ferner wirkst Du bei der Auswertung sowie der statistischen Analyse von (Langzeit) Daten mit.
Du hilfst uns Indikatoren f√ºr die Wartung und Reparatur unserer L√∂sungen zu finden und zu validieren sowie Reaktionszeiten auszuwerten.
Abschlie√üend entlastest Du deine Kollegen bei der Analyse, Modifizierung und Erweiterung bereits vorhandener Skripten.

Deine Qualifikationen ‚Äì fundiert und ad√§quat

Du studierst Informatik oder einen vergleichbaren Studiengang und hast ein Interesse an der Analyse von Daten.
Zudem hast Du gute Kenntnisse in Matlab und mit Windows-Dateisystemen.
Du √ºberzeugst mit ersten Erfahrungen mit Skripten, idealerweise f√ºr PowerShell, Python oder AWS Tools.
Du arbeitest dich gerne in neue Tools und Programme ein und hast idealerweise Grundkenntnisse mit Amazon S3 Service sowie mit WinSCP.
Die Kommunikation auf Deutsch und Englisch f√§llt dir leicht.

So trittst Du mit uns in Kontakt ‚Äì einfach und direkt

www.siemens.de/mobility

wenn Du vor deiner Bewerbung mehr √ºber Siemens erfahren m√∂chtest.

+49 (9131) 17 52430

wenn Du erste Fragen gern pers√∂nlich mit unserem Recruiting Team kl√§ren m√∂chtest. Ansprechpartner f√ºr diese Stellenausschreibung ist Frau Julia Greff.

www.siemens.de/karriere

wenn Du mehr Informationen zu Jobs & Karriere bei Siemens erhalten m√∂chtest.

Wir legen Wert auf Chancengleichheit und freuen uns √ºber Bewerbungen von Menschen mit Behinderung.

Organisation: Siemens Mobility

Unternehmen: Siemens Mobility GmbH

Erfahrungsniveau: Student / Sch√ºler

Voll-/Teilzeit: Teilzeit"
Werkstudent IT-Security - Team Improve (m/w/d),"DKB | Deutsche Kreditbank AG Berlin, Berlin, Deutschland Hybrid",Vor 1 Woche,9 Bewerbungen,"DAS HAST DU

Ein abgeschlossenes Studium der (Wirtschafts-)Informatik, Wirtschaftswissenschaften oder vergleichbare IT/Digital-bezogene Ausbildung?

Hast du in der Tasche.

Erste Praxiserfahrung im Bereich IT- oder Informationssicherheit, Berechtigungsmanagement oder IT-Risikomanagement durch Praktika oder Werkstudentent√§tigkeit?

Aber klar.

Spa√ü mit neuen Technologien und Plattformen (AWS, Azure, Docker, K8S)

Bei der Vorlesung war ich dabei.

Lust in die IT-Sicherheit einer Bank einzutauchen?

Wann geht‚Äôs los?

DAS KANNST DU

Strukturiert, analytisch und selbst√§ndig arbeiten?

Und dazu immer l√∂sungsorientiert.

Du bleibst nicht beim Problem, sondern suchst die L√∂sung?

Ich liebe Herausforderungen!

Mit einer offenen Pers√∂nlichkeit und Eigeninitiative √ºberzeugen?

Und zus√§tzlich mit einem souver√§nen Auftreten!

Eigeninitiativ Themen bearbeiten, mit einer gesunden Portion Durchsetzungsf√§higkeit?

Nichts leichter als das!

DAS MACHST DU
Konzepte auf aktuelle IT-Entwicklungen umschreiben.
Audits begleiten und nachhalten.
Bei Reporting Aufgaben - Layout/Automatisierung unterst√ºtzen.
Bei der Verbesserung der IT-Sec-Kommunikation und Entwicklung von Awareness Ma√ünahmen helfen.
Zukunftsthemen vorbereiten.
Datenverarbeitung/-aufbereitung f√ºr verschiedene Sicherheitsprozesse (Assets, Risk, Schwachstellen, H√§rtung, Wirksamkeitsmessung ..) z.B. durch Erstellung von Werkzeugen (Excelbasis, Schnittstellen etc.) unterst√ºtzen.
Du m√∂chtest noch mehr wissen?"
Werkstudent IT-Security - Team Response (m/w/d),"DKB | Deutsche Kreditbank AG Berlin, Berlin, Deutschland Hybrid",Vor 1 Woche,8 Bewerbungen,"DAS HAST DU

Ein abgeschlossenes Studium der (Wirtschafts-)Informatik, Wirtschaftswissenschaften oder vergleichbare IT/Digital-bezogene Ausbildung?

Hast du in der Tasche.

Erste Praxiserfahrung im Bereich IT- oder Informationssicherheit, Berechtigungsmanagement oder IT-Risikomanagement durch Praktika oder Werkstudentent√§tigkeit?

Aber klar.

Spa√ü mit neuen Technologien und Plattformen (AWS, Azure, Docker, K8S)

Bei der Vorlesung war ich dabei.

Lust in die IT-Sicherheit einer Bank einzutauchen?

Wann geht‚Äôs los?

DAS KANNST DU

Strukturiert, analytisch und selbst√§ndig arbeiten?

Und dazu immer l√∂sungsorientiert.

Du bleibst nicht beim Problem, sondern suchst die L√∂sung?

Ich liebe Herausforderungen!

Mit einer offenen Pers√∂nlichkeit und Eigeninitiative √ºberzeugen?

Und zus√§tzlich mit einem souver√§nen Auftreten!

Eigeninitiativ Themen bearbeiten, mit einer gesunden Portion Durchsetzungsf√§higkeit?

Nichts leichter als das!

DAS MACHST DU
Das Response Team bei der Dokumentation von Sicherheitsvorf√§llen unterst√ºtzen.
Schwachstellen niedriger Komplexit√§t eigenst√§ndig bearbeiten.
Bei der Analyse von Sicherheitsvorf√§llen unterst√ºtzen.
Relevante Informationen recherchieren.
Standard Security Incidents und Alerts eigenst√§ndig bearbeiten.
Du m√∂chtest noch mehr wissen?"
"Werkstudent*in (w/m/d) f√ºr Datamining, Laborarbeiten und Programmierung von SSDS","Siemens Berlin, Berlin, Deutschland Vor Ort",Vor 1 Monat,1 Bewerbung,"Art der Anstellung: Befristet; 20 Stunden/Woche

Deine Extraportion Praxis.

Wie werden wir uns √ºbermorgen fortbewegen, miteinander kommunizieren, Energien nutzen? Lass uns gemeinsam an den Antworten arbeiten. Wir suchen daf√ºr kluge K√∂pfe, die Theorie in Praxis umwandeln und clever mitdenken. Kurz: Menschen, die ihre und unsere Fragen in neue Ausrufezeichen verwandeln wollen! Als Werkstudent (w/m/d) stehen dir bei uns viele T√ºren offen, um dich einzubringen: Ergreife die Chance und werde Teil unseres weltweiten Netzwerks, kn√ºpfe wichtige Kontakte und lege so den Grundstein f√ºr deine berufliche und pers√∂nliche Zukunft. Unsere Teams freuen sich auf dich.

Ver√§ndere mit uns die Welt von morgen.

Du unterst√ºtzt unser Team beim Datamining in relationalen Datenbanksystemen und bei der Anpassung von Datenbankstrukturen
Du unterst√ºtzt zudem bei der Programmierung von SQL Server Data Services (SSDS)
Der Aufbau und die Inbetriebnahme von Schalt- und Bedientafeln sowie automatisierten Pr√ºfst√§nden im Labor geh√∂rt ebenfalls zu deinen Aufgaben
Du k√ºmmerst dich zudem um die Verdrahtung und Programmierung von elektronischen Ger√§ten und Versuchsst√§nden
Ebenso erstellst du Azure SQL- L√∂sungen und startest und testest diese im Anschluss

Dein Profil f√ºr ""Zukunft m√∂glich machen"".

Du studierst derzeit an einer deutschen Hochschule in den Bereichen Technik, Informatik oder Wirtschaftsingenieurwesen
Du hast bereits Erfahrung mit Datenbankprogrammierung und praktische Erfahrungen mit SQL Server Data Services (SSDS) und AzureSQL
Eine Berufsausbildung Industrieelektriker(in), Elektroniker(in), Elektroanlagenmonteur(in), Mechatroniker(in) oder verwandte Richtungen ist vorteilhaft f√ºr die praktischen Arbeiten im Labor, aber nicht zwingend notwendig
Du arbeitest selbstst√§ndig, hast eine schnelle Auffassungsgabe sowie eine strukturierte und sorgf√§ltige Arbeitsweise
Zudem punktest du mit anwendbaren Programmierkenntnissen (z.B. LabVIEW, Python, C#) und technischem Verst√§ndnis in der Elektrotechnik und Elektromechanik

Wir wollen, dass du willst: Bewirb dich!

www.siemens.de

wenn du vor deiner Bewerbung mehr √ºber Siemens erfahren m√∂chtest.

Du hast Fragen zur Bewerbung? Hier findest du Antworten auf h√§ufig gestellte Fragen.

Wenn du dar√ºber hinaus noch Fragen hast, wende dich gerne an uns: www.siemens.de/fragenzurbewerbung

www.siemens.de/karriere

wenn du mehr Informationen zu Jobs & Karriere bei Siemens erhalten m√∂chtest.

Wir legen Wert auf Chancengleichheit und freuen uns √ºber Bewerbungen von Menschen mit Behinderung.

Organization: Smart Infrastructure

Company: Siemens AG

Experience Level: Student (Not Yet Graduated)

Full / Part time: Part-time"
