work,company,location,link
Junior Data Scientist (m/w/x),McMakler,"Berlin, Berlin, Germany",https://de.linkedin.com/company/mcmakler-gmbh?trk=public_jobs_jserp-result_job-search-card-subtitle
Data Scientist,Prestatech,"Berlin, Berlin, Germany",https://de.linkedin.com/company/prestatech-gmbh?trk=public_jobs_jserp-result_job-search-card-subtitle
Junior Machine Learning Scientist (f/m/d),kineo.ai,"Berlin, Berlin, Germany",https://de.linkedin.com/company/kineo-ai?trk=public_jobs_jserp-result_job-search-card-subtitle
Director of Information Technology,Forte Digital,"Berlin, Berlin, Germany",https://no.linkedin.com/company/forte_digital?trk=public_jobs_jserp-result_job-search-card-subtitle
Software Developer Machine- / Deep-Learning (Home Office) (m/f/d),zollsoft GmbH,"Berlin, Berlin, Germany",https://de.linkedin.com/company/zollsoft-gmbh?trk=public_jobs_jserp-result_job-search-card-subtitle
Junior IT Support - Level 1 (m/f/d),Convex Energy GmbH,"Berlin, Berlin, Germany",https://de.linkedin.com/company/convexenergy?trk=public_jobs_jserp-result_job-search-card-subtitle
Python Software Engineer,Buddywise,"Berlin, Berlin, Germany",https://se.linkedin.com/company/buddywise?trk=public_jobs_jserp-result_job-search-card-subtitle
Computer Vision Engineer,Trinnovo Group,"Berlin, Germany",https://uk.linkedin.com/company/trinnovo-group?trk=public_jobs_jserp-result_job-search-card-subtitle
Junior IT Support/ Administrator (m/w/d),Bridgemaker,"Berlin, Berlin, Germany",https://de.linkedin.com/company/bridgemaker-gmbh?trk=public_jobs_jserp-result_job-search-card-subtitle
Software Engineering Internship (m/w/d) - Gigafactory Berlin-Brandenburg,Tesla,"Berlin, Berlin, Germany",https://www.linkedin.com/company/tesla-motors?trk=public_jobs_jserp-result_job-search-card-subtitle
Data Science - Various levels,Klarna,"Berlin, Berlin, Germany",https://se.linkedin.com/company/klarna?trk=public_jobs_jserp-result_job-search-card-subtitle
Software Engineer Intern (f/m/d),Jina AI,"Berlin, Berlin, Germany",https://de.linkedin.com/company/jinaai?trk=public_jobs_jserp-result_job-search-card-subtitle
Software Engineering Intern (2023),Databricks,"Berlin, Berlin, Germany",https://www.linkedin.com/company/databricks?trk=public_jobs_jserp-result_job-search-card-subtitle
Data Scientist (f/m/d),Aignostics,"Berlin, Berlin, Germany",https://de.linkedin.com/company/aignostics?trk=public_jobs_jserp-result_job-search-card-subtitle
Deep Learning Engineer,Stealth,"Berlin, Berlin, Germany",https://www.linkedin.com/company/stealthstartup?trk=public_jobs_jserp-result_job-search-card-subtitle
(Junior) Backend Engineer (m/f/d) Order Management,MediaMarktSaturn,"Berlin, Berlin, Germany",https://de.linkedin.com/company/media-markt-saturn?trk=public_jobs_jserp-result_job-search-card-subtitle
Frontend Software Engineer Intern,SEAL App,"Berlin, Berlin, Germany",https://de.linkedin.com/company/sealapp?trk=public_jobs_jserp-result_job-search-card-subtitle
Machine Learning Engineer- Search and Recommendations,SoundCloud,"Berlin, Germany",https://de.linkedin.com/company/soundcloud?trk=public_jobs_jserp-result_job-search-card-subtitle
Intern - Data Analysis (m/f/x),NIO,"Berlin, Germany",https://cn.linkedin.com/company/nio?trk=public_jobs_jserp-result_job-search-card-subtitle
Data Scientist (m/f/d),TeamViewer,"Berlin, Berlin, Germany",https://de.linkedin.com/company/teamviewer?trk=public_jobs_jserp-result_job-search-card-subtitle
Werkstudent Software Development (w/m/d),gematik GmbH,"Berlin, Berlin, Germany",https://de.linkedin.com/company/gematik?trk=public_jobs_jserp-result_job-search-card-subtitle
Machine Learning Engineer (Berlin),Enjins,"Berlin, Berlin, Germany",https://nl.linkedin.com/company/enjins?trk=public_jobs_jserp-result_job-search-card-subtitle
Junior Research Engineer (f/m/d),Greenfield Capital,"Berlin, Berlin, Germany",https://de.linkedin.com/company/greenfield-cap?trk=public_jobs_jserp-result_job-search-card-subtitle
Werkstudent / Praktikant (m/w/d) Softwareentwicklung,CHECK24 Vergleichsportal GmbH,"Berlin, Berlin, Germany",https://de.linkedin.com/company/check24-vergleichsportal-gmbh?trk=public_jobs_jserp-result_job-search-card-subtitle
IT-Systemtechniker*in (w/m/d),Akademie der Polizei BW,"Berlin, Germany",https://www.linkedin.com/company/akademie-der-polizei-bw?trk=public_jobs_jserp-result_job-search-card-subtitle
Werkstudent,BrickBite,"Frankfurt, Hesse, Germany",https://de.linkedin.com/company/brickbite?trk=public_jobs_jserp-result_job-search-card-subtitle
Working Student: QA & Test Engineer (m/w/d),Quantagonia,"Frankfurt am Main, Hesse, Germany",https://de.linkedin.com/company/quantagonia?trk=public_jobs_jserp-result_job-search-card-subtitle
Software-Entwickler (m/w/d) 100% remote möglich - deutschlandweit!,sifamo GmbH,"Frankfurt, Hesse, Germany",https://de.linkedin.com/company/sifamo?trk=public_jobs_jserp-result_job-search-card-subtitle
Werkstudent (m/w/d) Business Intelligence & Analytics InsurTech,CHECK24 Vergleichsportal GmbH,"Frankfurt, Hesse, Germany",https://de.linkedin.com/company/check24-vergleichsportal-gmbh?trk=public_jobs_jserp-result_job-search-card-subtitle
IT Project Manager,Arcondis Group,"Frankfurt am Main, Hesse, Germany",https://ch.linkedin.com/company/arcondis-ag?trk=public_jobs_jserp-result_job-search-card-subtitle
Junior Webentwickler,Brunel,"Frankfurt am Main, Hesse, Germany",https://nl.linkedin.com/company/brunel?trk=public_jobs_jserp-result_job-search-card-subtitle
Junior Softwareentwickler Algorithmen - ADAS (m/w/d),engineering people,"Frankfurt am Main, Hesse, Germany",https://de.linkedin.com/company/engineering-people-gmbh?trk=public_jobs_jserp-result_job-search-card-subtitle
Working Student (m/f/d) Software Developer,Dassault Systèmes,"Darmstadt, Hesse, Germany",https://fr.linkedin.com/company/dassaultsystemes?trk=public_jobs_jserp-result_job-search-card-subtitle
Intern (Generalist) (m/f/d),360X,"Frankfurt, Hesse, Germany",https://de.linkedin.com/company/360xag?trk=public_jobs_jserp-result_job-search-card-subtitle
Junior Product Developer (m/f/d) logistics software,Körber,"Bad Nauheim, Hesse, Germany",https://de.linkedin.com/company/k%C3%B6rber?trk=public_jobs_jserp-result_job-search-card-subtitle
Junior Backend Entwickler (Node.js) / New Data Solutions (m/w/d),msg,"Frankfurt am Main, Hesse, Germany",https://de.linkedin.com/company/msggroup?trk=public_jobs_jserp-result_job-search-card-subtitle
Werkstudent Data Science / Data Engineering (m/w/d),Knuddels,"Wiesbaden, Hesse, Germany",https://de.linkedin.com/company/knuddels-gmbh-&-co-kg?trk=public_jobs_jserp-result_job-search-card-subtitle
Internship Software Developer for Digital Railway Infrastructure (w/m/d),Deutsche Bahn International,"Frankfurt, Hesse, Germany",https://de.linkedin.com/company/deutsche-bahn-international?trk=public_jobs_jserp-result_job-search-card-subtitle
Python-Optimierer (w/m/d),Bundeskriminalamt,"Wiesbaden, Hesse, Germany",https://de.linkedin.com/company/bundeskriminalamt?trk=public_jobs_jserp-result_job-search-card-subtitle
Junior Java Softwareentwickler (m/w/d) Product Lifecycle Management,CENIT,"Frankfurt am Main, Hesse, Germany",https://de.linkedin.com/company/cenit?trk=public_jobs_jserp-result_job-search-card-subtitle
Junior Full-Stack-Web-Entwickler (m/w/d),escape GmbH – Agentur für Softwareentwicklung,"Frankfurt am Main, Hesse, Germany",https://de.linkedin.com/company/escape-gmbh-agenturfuersoftwareentwicklung?trk=public_jobs_jserp-result_job-search-card-subtitle
Digital (Junior) Product Manager (f/m/x),First Climate,"Bad Vilbel, Hesse, Germany",https://de.linkedin.com/company/first-climate?trk=public_jobs_jserp-result_job-search-card-subtitle
Technical Project Leader for ADAS Visualization Functions (f/m/diverse),Continental,"Frankfurt, Hesse, Germany",https://de.linkedin.com/company/continental?trk=public_jobs_jserp-result_job-search-card-subtitle
System Test Engineer (m/f/d) - Graduate Program,Huawei Deutschland,"Darmstadt, Hesse, Germany",https://de.linkedin.com/company/huawei-germany?trk=public_jobs_jserp-result_job-search-card-subtitle
Praktikum Frontend Shopify Development,prepmymeal,"Frankfurt, Hesse, Germany",https://de.linkedin.com/company/prepmymeal?trk=public_jobs_jserp-result_job-search-card-subtitle
Software Developer - Machine Learning / Data Science / Python / Remote (m/f/d),bots4you GmbH,"Frankfurt am Main, Hesse, Germany",https://de.linkedin.com/company/bots4you?trk=public_jobs_jserp-result_job-search-card-subtitle
Software Developer (m/f/d) ADAS Base Software,PAMEC PAPP GmbH,"Frankfurt am Main, Hesse, Germany",https://de.linkedin.com/company/pamec-papp-gmbh?trk=public_jobs_jserp-result_job-search-card-subtitle
Software Developer (m/w/d),Atlas Copco,"Darmstadt, Hesse, Germany",https://se.linkedin.com/company/atlas-copco?trk=public_jobs_jserp-result_job-search-card-subtitle
Software Engineer - Python/Golang - Kubernetes,Canonical,"Frankfurt am Main, Hesse, Germany",https://uk.linkedin.com/company/canonical?trk=public_jobs_jserp-result_job-search-card-subtitle
IT Business Analyst – Payments (m/f/d),Raisin,"Frankfurt, Hesse, Germany",https://de.linkedin.com/company/join-raisin-ds?trk=public_jobs_jserp-result_job-search-card-subtitle
"Software Intern, Hardware Tech",Apple,"Munich, Bavaria, Germany",https://www.linkedin.com/company/apple?trk=public_jobs_jserp-result_job-search-card-subtitle
Working Student (f/m/d) AI / Computer Vision,Walaris (formerly Tarsier),"Munich, Bavaria, Germany",https://www.linkedin.com/company/walaris?trk=public_jobs_jserp-result_job-search-card-subtitle
Computer Vision Engineer (m/f/x),solexas,"Munich, Bavaria, Germany",https://de.linkedin.com/company/solexas?trk=public_jobs_jserp-result_job-search-card-subtitle
Junior Frontend Developer,27pilots,"Munich, Bavaria, Germany",https://de.linkedin.com/company/27pilots?trk=public_jobs_jserp-result_job-search-card-subtitle
Working Student IT (f/m/d),Chimera Entertainment,"Munich, Bavaria, Germany",https://de.linkedin.com/company/chimera-entertainment?trk=public_jobs_jserp-result_job-search-card-subtitle
"Junior Full Stack Developer, Python + React (m/f/d)",Preisenergie,"Munich, Bavaria, Germany",https://de.linkedin.com/company/preisenergie?trk=public_jobs_jserp-result_job-search-card-subtitle
"Working Student, Software Engineering",Corsair,"Munich, Bavaria, Germany",https://www.linkedin.com/company/corsair?trk=public_jobs_jserp-result_job-search-card-subtitle
"SWE - Intern (Software Development & Testing), WTE",Apple,"Munich, Bavaria, Germany",https://www.linkedin.com/company/apple?trk=public_jobs_jserp-result_job-search-card-subtitle
Computer Vision Developer (m/w/d),robominds GmbH,"Munich, Bavaria, Germany",https://de.linkedin.com/company/robominds-gmbh?trk=public_jobs_jserp-result_job-search-card-subtitle
Software Engineer - Munich Vision Lab (m/f/d),Apple,"Munich, Bavaria, Germany",https://www.linkedin.com/company/apple?trk=public_jobs_jserp-result_job-search-card-subtitle
Working Student - Software Developer / C++ / Robotics / Python (m/f/d),Robotise AG,"Munich, Bavaria, Germany",https://de.linkedin.com/company/jeevesbyrobotise?trk=public_jobs_jserp-result_job-search-card-subtitle
Working student for Data Intelligence (m/f/d) in Group Data Analytics #StandwithUkraine,Allianz,"Munich, Bavaria, Germany",https://de.linkedin.com/company/allianz?trk=public_jobs_jserp-result_job-search-card-subtitle
"Working Student, Software Development",Isar Aerospace,"Munich, Bavaria, Germany",https://de.linkedin.com/company/isaraerospace?trk=public_jobs_jserp-result_job-search-card-subtitle
Full Stack and Web Developer Intern (m/f/x),Noyes Technologies GmbH,"Munich, Bavaria, Germany",https://de.linkedin.com/company/noyestech?trk=public_jobs_jserp-result_job-search-card-subtitle
Working Student (m/f/d) Software Development,Walaris (formerly Tarsier),"Munich, Bavaria, Germany",https://www.linkedin.com/company/walaris?trk=public_jobs_jserp-result_job-search-card-subtitle
Software Engineer - Algorithms & Data Processing Magician - ex-FAANG welcome,Pathway,"Munich, Bavaria, Germany",https://fr.linkedin.com/company/pathway?trk=public_jobs_jserp-result_job-search-card-subtitle
Software Development & Architecture Intern / Working Student,4.screen,"Munich, Bavaria, Germany",https://de.linkedin.com/company/4-screen?trk=public_jobs_jserp-result_job-search-card-subtitle
Werkstudent(m/w/d) Data Science & Machine Learning [20€ / h],elunic AG,"Munich, Bavaria, Germany",https://de.linkedin.com/company/elunic-ag?trk=public_jobs_jserp-result_job-search-card-subtitle
R Developer,Preisenergie,"Munich, Bavaria, Germany",https://de.linkedin.com/company/preisenergie?trk=public_jobs_jserp-result_job-search-card-subtitle
Working Student IT (f/m/d),Delta-onderwijs,"Munich, Bavaria, Germany",https://nl.linkedin.com/company/delta-onderwijs?trk=public_jobs_jserp-result_job-search-card-subtitle
Python Entwickler (m/w/d),Pixida,"Munich, Bavaria, Germany",https://de.linkedin.com/company/pixida-gmbh?trk=public_jobs_jserp-result_job-search-card-subtitle
Deep Learning Computer Vision Engineer,Isarsoft,"Garching, Bavaria, Germany",https://de.linkedin.com/company/isarsoft?trk=public_jobs_jserp-result_job-search-card-subtitle
Junior Data Scientist (m/f/x),ZEISS Group,"Munich, Bavaria, Germany",https://de.linkedin.com/company/zeiss?trk=public_jobs_jserp-result_job-search-card-subtitle
Internship (m/f/d) Web Development & Digitalization,Blackwave GmbH,"Taufkirchen, Bavaria, Germany",https://de.linkedin.com/company/blackwave-gmbh?trk=public_jobs_jserp-result_job-search-card-subtitle
Clinical Data Scientist,PSI CRO AG,"Munich, Bavaria, Germany",https://ch.linkedin.com/company/psi-cro-ag?trk=public_jobs_jserp-result_job-search-card-subtitle
